iter,wins,losses,draws
1,1,0,0
2,1,1,0
3,2,1,0
4,2,2,0
5,3,2,0
6,3,3,0
7,4,3,0
8,4,3,0
9,4,4,0
10,5,4,0
11,5,5,0
12,6,5,0
13,6,5,0
14,6,6,0
15,7,6,0
16,7,7,0
17,8,7,0
18,8,8,0
19,9,8,0
20,9,8,0
21,9,8,1
22,9,8,2
23,9,8,3
24,9,8,4
25,9,8,5
26,9,8,6
27,9,8,7
28,9,8,8
29,9,8,8
30,9,9,7
31,10,9,7
32,10,10,7
33,10,10,7
34,10,11,7
35,11,11,7
36,11,11,7
37,11,11,7
38,12,11,7
39,12,12,7
40,13,12,7
41,13,13,7
42,14,13,7
43,14,13,7
44,14,13,7
45,15,13,7
46,15,13,7
47,16,13,7
48,16,14,7
49,17,14,7
50,17,14,7
51,17,14,7
52,17,14,8
53,17,14,9
54,17,14,10
55,17,14,11
56,17,14,12
57,17,14,13
58,17,14,14
59,17,14,14
60,17,14,14
61,18,14,14
62,18,15,14
63,19,15,14
64,19,16,14
65,20,16,14
66,20,16,14
67,21,16,14
68,21,17,14
69,22,17,14
70,22,18,14
71,23,18,14
72,23,19,14
73,24,19,14
74,24,19,14
75,24,19,15
76,24,19,16
77,24,19,17
78,24,19,18
79,24,19,19
80,24,19,20
81,24,19,21
82,24,19,22
83,24,19,22
84,24,19,22
85,24,19,22
86,24,20,22
87,25,20,22
88,25,21,22
89,26,21,22
90,26,21,22
91,27,21,21
92,27,22,21
93,28,22,21
94,28,23,21
95,29,23,21
96,29,24,21
97,30,24,21
98,30,24,21
99,30,24,21
100,30,25,20
101,31,25,20
102,31,26,20
103,32,26,20
104,32,27,20
105,33,27,20
106,33,27,20
107,33,27,21
108,33,27,22
109,33,27,23
110,33,27,24
111,33,27,25
112,33,27,26
113,33,27,27
114,33,27,28
115,33,27,28
116,33,27,28
117,34,27,28
118,34,28,27
119,35,28,27
120,35,28,27
121,35,28,27
122,35,28,27
123,35,28,28
124,35,28,29
125,35,28,30
126,35,28,31
127,35,28,32
128,35,28,32
129,35,28,32
130,35,28,32
131,35,29,32
132,36,29,32
133,36,30,32
134,37,30,32
135,37,31,32
136,38,31,32
137,38,31,32
138,38,30,33
139,38,31,33
140,39,31,33
141,39,32,33
142,39,32,33
143,39,33,33
144,40,33,33
145,40,33,33
146,40,32,34
147,39,32,35
148,40,32,35
149,40,33,35
150,41,33,35
151,41,34,35
152,41,34,35
153,41,34,35
154,41,34,35
155,41,34,36
156,41,34,37
157,41,34,38
158,41,34,39
159,41,34,40
160,41,34,41
161,41,34,42
162,41,34,42
163,41,35,42
164,42,35,42
165,42,36,42
166,43,36,42
167,43,36,42
168,43,36,42
169,43,36,43
170,43,36,43
171,43,36,43
172,43,36,43
173,43,36,44
174,43,36,45
175,43,36,46
176,43,36,46
177,43,37,45
178,44,37,45
179,44,38,45
180,45,38,45
181,45,39,45
182,46,39,45
183,46,39,45
184,46,39,45
185,46,39,46
186,46,39,47
187,46,39,48
188,46,39,49
189,46,39,50
190,46,39,51
191,46,39,52
192,46,39,52
193,46,40,51
194,47,40,51
195,47,41,51
196,48,41,51
197,48,42,51
198,49,42,51
199,49,42,51
200,49,42,51
201,49,42,51
202,49,43,51
203,50,43,51
204,50,44,51
205,51,44,51
206,51,44,51
207,51,44,51
208,51,44,52
209,51,44,53
210,51,44,54
211,51,44,55
212,51,44,56
213,51,44,57
214,51,44,57
215,51,44,57
216,51,44,57
217,52,44,57
218,52,45,57
219,53,45,57
220,53,46,57
221,54,46,57
222,54,46,57
223,54,46,57
224,54,46,58
225,54,46,59
226,54,46,60
227,54,46,61
228,54,46,62
229,54,46,63
230,54,46,64
231,54,46,64
232,54,46,64
233,54,46,65
234,54,46,66
235,54,46,67
236,54,46,68
237,54,46,68
238,54,46,68
239,54,46,69
240,54,46,69
241,54,46,69
242,54,46,70
243,54,46,71
244,54,46,72
245,54,46,73
246,54,46,74
247,54,46,74
248,54,46,74
249,54,46,74
250,54,46,74
251,54,46,75
252,54,46,75
253,54,46,76
254,54,46,77
255,54,46,77
256,54,46,77
257,54,46,77
258,54,46,77
259,54,46,77
260,54,46,78
261,54,46,78
262,54,46,78
263,54,46,79
264,54,46,80
265,54,46,81
266,54,46,82
267,54,46,82
268,54,46,82
269,55,46,82
270,55,47,82
271,56,47,82
272,56,48,82
273,57,48,82
274,57,49,82
275,58,49,82
276,58,49,82
277,58,49,82
278,58,49,82
279,58,49,82
280,58,49,82
281,58,50,82
282,59,50,82
283,59,50,82
284,59,50,82
285,60,50,82
286,60,51,82
287,61,51,82
288,61,52,82
289,62,52,82
290,62,52,82
291,63,52,82
292,63,53,82
293,64,53,82
294,64,54,82
295,65,54,82
296,65,54,82
297,65,54,82
298,65,54,82
299,65,54,82
300,65,54,82
301,65,54,83
302,65,54,84
303,65,54,85
304,65,54,86
305,65,54,86
306,65,54,86
307,65,55,86
308,66,55,86
309,66,56,86
310,67,56,86
311,67,57,86
312,68,57,86
313,68,57,86
314,68,57,86
315,68,57,87
316,68,57,88
317,68,57,89
318,68,57,90
319,68,57,91
320,68,57,92
321,68,57,93
322,68,57,93
323,68,57,93
324,69,57,93
325,69,58,93
326,70,58,93
327,70,59,93
328,71,59,93
329,71,60,93
330,72,60,93
331,72,60,93
332,72,60,93
333,72,60,94
334,72,60,95
335,72,60,96
336,72,60,97
337,72,60,97
338,72,60,98
339,72,60,98
340,72,60,98
341,72,60,98
342,72,60,99
343,72,60,100
344,72,60,100
345,72,60,101
346,72,60,102
347,72,60,103
348,72,60,104
349,72,60,104
350,72,60,104
351,72,60,104
352,72,60,105
353,72,60,106
354,72,60,107
355,72,60,108
356,72,60,109
357,72,60,110
358,72,60,110
359,72,60,110
360,72,61,110
361,73,61,110
362,73,62,110
363,74,62,110
364,74,63,110
365,75,63,110
366,75,63,110
367,74,63,111
368,74,62,112
369,74,63,112
370,75,63,112
371,75,64,112
372,76,64,112
373,76,65,112
374,77,65,112
375,77,65,112
376,77,65,112
377,77,65,113
378,77,65,114
379,77,65,115
380,77,65,116
381,77,65,117
382,77,65,118
383,77,65,119
384,77,65,119
385,77,65,119
386,78,65,119
387,78,66,119
388,79,66,119
389,79,67,119
390,80,67,119
391,80,67,119
392,80,67,119
393,80,67,120
394,80,67,121
395,80,67,122
396,80,67,123
397,80,67,124
398,80,67,125
399,80,67,126
400,80,67,126
401,80,67,126
402,81,67,125
403,81,68,125
404,82,68,125
405,82,69,125
406,83,69,125
407,83,69,125
408,83,69,125
409,83,69,126
410,83,69,127
411,83,69,128
412,83,69,129
413,83,69,130
414,83,69,131
415,83,69,132
416,83,69,132
417,83,69,132
418,83,69,133
419,83,69,134
420,83,69,134
421,83,69,135
422,83,69,136
423,83,69,137
424,83,69,137
425,83,69,137
426,83,69,137
427,84,69,137
428,84,70,136
429,85,70,135
430,85,71,135
431,86,71,135
432,86,71,135
433,86,72,134
434,86,72,134
435,86,73,134
436,87,73,134
437,87,73,134
438,87,73,134
439,87,74,133
440,88,74,133
441,88,75,133
442,89,75,133
443,89,75,133
444,89,75,133
445,90,75,132
446,90,75,132
447,90,75,132
448,90,75,132
449,91,75,132
450,91,75,132
451,91,75,132
452,91,74,133
453,91,75,133
454,92,75,133
455,92,76,133
456,93,76,133
457,93,76,133
458,93,76,133
459,93,76,134
460,93,76,134
461,93,76,134
462,93,76,135
463,93,76,135
464,93,76,136
465,93,76,136
466,93,76,136
467,93,76,136
468,93,75,137
469,93,76,137
470,94,76,136
471,94,77,135
472,95,77,135
473,95,77,135
474,95,77,135
475,96,77,134
476,96,78,133
477,97,78,133
478,97,78,133
479,97,78,133
480,97,78,133
481,97,78,134
482,97,78,135
483,97,78,136
484,97,78,136
485,97,78,137
486,97,78,138
487,97,78,138
488,97,78,138
489,97,78,139
490,97,78,140
491,97,78,140
492,97,78,141
493,97,78,142
494,97,78,142
495,97,78,143
496,97,78,143
497,97,78,143
498,97,78,143
499,97,79,143
500,98,79,143
501,98,80,143
502,99,80,143
503,99,80,143
504,100,80,142
505,100,81,141
506,101,81,141
507,101,82,141
508,102,82,141
509,102,83,141
510,103,83,141
511,103,83,141
512,103,83,141
513,103,83,141
514,103,83,141
515,103,83,142
516,103,83,143
517,103,83,143
518,103,83,144
519,103,83,145
520,103,83,145
521,103,83,145
522,103,83,146
523,103,83,146
524,103,83,146
525,103,83,147
526,103,83,148
527,103,83,148
528,103,83,149
529,103,83,149
530,103,83,149
531,103,83,149
532,103,84,149
533,104,84,149
534,104,85,149
535,105,85,149
536,105,85,149
537,105,85,149
538,105,85,150
539,105,85,151
540,105,85,152
541,105,85,153
542,105,85,154
543,105,85,154
544,105,85,154
545,105,85,154
546,105,85,154
547,106,85,154
548,106,85,154
549,107,85,154
550,107,85,154
551,107,85,154
552,107,85,154
553,107,86,154
554,108,86,154
555,108,86,154
556,108,86,154
557,108,86,154
558,107,86,155
559,108,86,155
560,108,87,155
561,109,87,154
562,109,88,154
563,110,88,154
564,110,88,154
565,110,88,154
566,110,88,154
567,110,88,155
568,110,88,156
569,110,88,156
570,110,88,157
571,110,88,158
572,110,88,159
573,110,88,159
574,110,88,159
575,110,88,159
576,110,88,160
577,110,88,160
578,110,88,160
579,110,88,160
580,110,88,160
581,110,88,160
582,110,88,160
583,110,88,160
584,110,89,159
585,111,89,159
586,111,90,159
587,112,90,159
588,112,90,159
589,112,90,159
590,112,90,159
591,112,90,160
592,112,90,161
593,112,90,162
594,112,90,162
595,112,90,162
596,112,90,163
597,112,90,163
598,112,90,163
599,112,90,163
600,112,90,164
601,112,90,164
602,112,90,165
603,112,90,166
604,112,90,166
605,112,90,167
606,112,90,167
607,112,90,167
608,112,90,167
609,112,90,168
610,112,90,169
611,112,90,170
612,112,90,171
613,112,90,171
614,112,90,171
615,112,90,171
616,112,90,171
617,113,90,171
618,113,91,171
619,114,91,171
620,114,92,171
621,115,92,171
622,115,92,171
623,115,92,171
624,115,92,171
625,115,92,171
626,116,92,171
627,116,92,171
628,116,92,171
629,116,93,170
630,117,93,170
631,117,94,170
632,117,94,170
633,117,94,170
634,118,94,170
635,118,94,170
636,118,94,170
637,118,94,170
638,118,94,170
639,118,94,170
640,118,94,171
641,118,94,172
642,118,94,173
643,118,94,174
644,118,94,174
645,118,94,174
646,118,94,174
647,118,94,175
648,118,94,176
649,118,94,176
650,118,94,176
651,118,94,177
652,118,94,177
653,118,94,177
654,118,94,177
655,118,94,177
656,118,95,177
657,119,95,177
658,119,96,177
659,120,96,177
660,120,96,177
661,120,96,177
662,120,96,177
663,120,96,178
664,120,96,179
665,120,96,180
666,120,96,181
667,120,96,182
668,120,96,183
669,120,96,183
670,120,96,183
671,120,96,183
672,120,95,184
673,120,96,184
674,121,96,184
675,121,97,184
676,122,97,184
677,122,97,184
678,122,97,184
679,122,98,183
680,123,98,183
681,123,99,182
682,124,99,182
683,124,99,182
684,124,99,182
685,124,99,182
686,124,99,183
687,124,99,184
688,124,99,185
689,124,99,186
690,124,99,187
691,124,99,188
692,124,99,188
693,124,99,188
694,124,99,188
695,124,99,189
696,124,99,190
697,124,99,190
698,124,99,191
699,124,99,192
700,124,99,192
701,124,99,192
702,124,99,192
703,125,99,191
704,125,100,191
705,126,100,191
706,126,101,190
707,127,101,190
708,127,102,190
709,128,102,190
710,128,102,190
711,128,102,190
712,128,103,189
713,129,103,189
714,129,104,189
715,130,104,189
716,130,104,189
717,130,104,189
718,131,104,188
719,131,105,188
720,131,105,188
721,131,106,188
722,132,106,188
723,132,107,188
724,133,107,188
725,133,107,188
726,133,107,188
727,133,107,189
728,133,107,189
729,133,107,190
730,133,107,191
731,133,107,192
732,133,107,193
733,133,107,194
734,133,107,194
735,133,107,194
736,133,108,193
737,134,108,193
738,134,109,193
739,135,109,193
740,135,110,193
741,136,110,193
742,136,110,193
743,136,110,193
744,136,110,193
745,136,111,193
746,137,111,193
747,137,112,193
748,138,112,193
749,138,112,193
750,138,112,193
751,138,112,194
752,138,112,194
753,138,112,195
754,138,112,196
755,138,112,197
756,138,112,198
757,138,112,198
758,138,112,198
759,138,112,198
760,138,112,198
761,138,112,199
762,138,112,200
763,138,112,201
764,138,112,202
765,138,112,203
766,138,112,203
767,138,112,203
768,138,112,203
769,138,112,203
770,138,112,204
771,138,112,205
772,138,112,206
773,138,112,207
774,138,112,208
775,138,112,209
776,138,112,209
777,138,112,209
778,138,112,210
779,138,112,211
780,138,112,211
781,138,112,212
782,138,112,213
783,138,112,213
784,138,112,214
785,138,112,214
786,138,112,214
787,138,112,214
788,138,112,214
789,138,112,215
790,138,112,216
791,138,112,217
792,138,112,217
793,138,112,218
794,138,112,218
795,138,113,217
796,138,113,217
797,138,114,217
798,139,114,217
799,139,115,217
800,140,115,217
801,140,115,217
802,140,115,217
803,141,115,217
804,141,116,217
805,142,116,217
806,142,116,217
807,142,116,217
808,143,116,217
809,143,116,217
810,144,116,217
811,144,116,217
812,144,116,217
813,144,116,217
814,144,117,217
815,145,117,217
816,145,118,217
817,146,118,217
818,146,118,217
819,146,118,217
820,146,117,218
821,146,117,218
822,147,117,218
823,147,118,218
824,148,118,218
825,148,118,218
826,148,118,218
827,149,118,218
828,149,119,218
829,150,119,218
830,150,120,218
831,151,120,218
832,151,121,218
833,152,121,218
834,152,121,218
835,152,121,218
836,152,121,218
837,152,122,218
838,152,122,218
839,152,123,218
840,153,123,218
841,153,123,218
842,153,123,218
843,153,123,218
844,153,123,218
845,154,123,218
846,154,123,218
847,154,123,218
848,154,123,218
849,154,123,218
850,154,123,219
851,154,123,219
852,154,123,220
853,154,123,221
854,154,123,222
855,154,123,222
856,154,123,222
857,154,122,223
858,154,122,223
859,154,122,223
860,154,122,223
861,155,122,223
862,155,122,223
863,155,122,223
864,155,122,223
865,155,123,223
866,156,123,223
867,156,124,223
868,157,124,223
869,157,124,223
870,157,124,223
871,158,124,223
872,158,125,223
873,159,125,223
874,159,126,223
875,160,126,223
876,160,126,223
877,160,126,223
878,160,126,223
879,160,126,224
880,160,126,225
881,160,126,226
882,160,126,227
883,160,126,228
884,160,126,228
885,160,126,228
886,160,126,228
887,160,126,228
888,160,126,229
889,160,126,230
890,160,126,230
891,160,126,231
892,160,126,231
893,160,126,231
894,160,126,231
895,160,126,231
896,160,126,231
897,160,126,232
898,160,126,233
899,160,126,234
900,160,126,234
901,160,126,234
902,160,126,235
903,160,126,235
904,160,126,235
905,161,126,234
906,161,127,234
907,162,127,234
908,162,128,234
909,163,128,234
910,163,128,234
911,163,128,234
912,163,129,234
913,164,129,233
914,164,129,233
915,165,129,233
916,165,129,233
917,165,129,233
918,165,129,233
919,165,130,233
920,166,130,233
921,166,130,233
922,167,130,233
923,167,130,233
924,167,130,233
925,168,130,232
926,168,131,232
927,169,131,232
928,169,131,232
929,169,131,232
930,169,131,232
931,169,131,233
932,169,131,233
933,169,131,233
934,169,131,234
935,169,131,235
936,169,131,235
937,169,131,235
938,169,131,235
939,170,131,235
940,170,131,235
941,171,131,235
942,171,131,235
943,171,131,235
944,171,131,235
945,171,131,235
946,171,131,235
947,171,131,235
948,171,131,236
949,171,131,237
950,171,131,237
951,171,131,237
952,171,131,237
953,171,130,238
954,170,130,239
955,170,130,239
956,170,130,239
957,171,130,239
958,171,130,239
959,171,130,239
960,171,130,239
961,171,131,238
962,172,131,238
963,172,132,238
964,173,132,238
965,173,132,238
966,173,132,238
967,174,132,238
968,174,133,238
969,175,133,238
970,175,133,238
971,175,133,238
972,175,133,238
973,175,133,239
974,175,133,240
975,175,133,241
976,175,133,242
977,175,133,243
978,175,133,243
979,175,133,243
980,175,133,243
981,175,133,243
982,175,133,244
983,175,133,245
984,175,133,246
985,175,133,247
986,175,133,248
987,175,133,248
988,175,133,248
989,175,133,248
990,175,133,248
991,175,133,248
992,176,133,248
993,176,134,248
994,177,134,248
995,177,135,248
996,178,135,248
997,178,135,248
998,178,135,248
999,178,135,248
1000,178,135,248
1001,178,135,248
1002,178,135,249
1003,178,135,250
1004,178,135,251
1005,178,135,251
1006,178,135,251
1007,178,135,251
1008,178,136,251
1009,179,136,251
1010,179,136,251
1011,180,136,251
1012,180,136,251
1013,180,136,251
1014,180,135,252
1015,180,136,251
1016,181,136,251
1017,181,137,251
1018,182,137,251
1019,182,137,251
1020,182,137,251
1021,182,137,251
1022,182,137,252
1023,182,137,253
1024,182,137,254
1025,182,137,255
1026,182,137,256
1027,182,137,256
1028,182,137,256
1029,182,137,256
1030,182,137,256
1031,182,137,257
1032,182,137,258
1033,182,137,259
1034,182,137,260
1035,182,137,261
1036,182,137,261
1037,182,137,261
1038,182,137,261
1039,183,137,260
1040,183,138,260
1041,184,138,260
1042,184,139,260
1043,185,139,260
1044,185,139,260
1045,185,139,260
1046,185,139,260
1047,185,139,261
1048,185,139,262
1049,185,139,262
1050,185,139,262
1051,185,139,263
1052,185,139,263
1053,185,139,263
1054,185,139,263
1055,185,139,263
1056,185,139,264
1057,185,139,264
1058,185,139,265
1059,185,139,265
1060,185,139,266
1061,185,139,267
1062,185,139,267
1063,185,139,267
1064,185,139,267
1065,186,139,267
1066,186,139,267
1067,187,139,267
1068,187,140,267
1069,188,140,267
1070,188,140,267
1071,188,140,267
1072,188,141,267
1073,189,141,267
1074,189,142,267
1075,190,142,267
1076,190,143,267
1077,191,143,267
1078,191,143,267
1079,191,143,267
1080,191,143,267
1081,191,144,267
1082,192,144,267
1083,192,145,267
1084,193,145,267
1085,193,146,267
1086,194,146,267
1087,194,146,267
1088,194,146,267
1089,194,146,267
1090,194,146,268
1091,194,146,268
1092,194,146,269
1093,194,146,269
1094,194,146,269
1095,194,146,269
1096,194,146,269
1097,194,146,269
1098,194,147,268
1099,195,147,268
1100,195,148,267
1101,196,148,267
1102,196,148,267
1103,196,148,267
1104,196,148,267
1105,196,148,267
1106,197,148,267
1107,197,149,267
1108,198,149,267
1109,198,149,267
1110,198,149,267
1111,198,149,268
1112,198,149,268
1113,198,149,269
1114,198,149,270
1115,198,149,271
1116,198,149,272
1117,198,149,272
1118,198,149,272
1119,198,149,272
1120,198,149,272
1121,198,149,273
1122,198,149,274
1123,198,149,274
1124,198,149,275
1125,198,149,276
1126,198,149,276
1127,198,149,276
1128,198,149,276
1129,198,148,277
1130,198,149,276
1131,199,149,276
1132,199,150,276
1133,200,150,276
1134,200,150,276
1135,200,150,276
1136,200,150,276
1137,200,150,277
1138,200,150,277
1139,200,150,278
1140,200,150,278
1141,200,150,278
1142,200,150,278
1143,200,150,278
1144,200,150,278
1145,200,150,279
1146,200,150,279
1147,200,150,279
1148,200,150,279
1149,200,150,279
1150,200,150,280
1151,200,150,280
1152,200,150,280
1153,200,150,280
1154,200,150,280
1155,200,150,280
1156,200,150,281
1157,200,150,282
1158,200,150,282
1159,200,150,283
1160,200,150,284
1161,200,150,284
1162,200,150,284
1163,200,150,284
1164,200,150,285
1165,200,150,286
1166,200,150,286
1167,200,150,287
1168,200,150,288
1169,200,150,288
1170,200,150,288
1171,200,150,288
1172,200,149,289
1173,200,150,288
1174,201,150,288
1175,201,151,288
1176,202,151,288
1177,202,151,288
1178,202,151,288
1179,202,151,288
1180,202,150,289
1181,202,150,289
1182,203,150,289
1183,203,150,289
1184,203,150,289
1185,204,150,288
1186,204,150,288
1187,204,150,288
1188,204,150,288
1189,205,150,288
1190,205,150,288
1191,205,150,288
1192,205,150,288
1193,205,151,288
1194,205,151,288
1195,205,151,288
1196,206,151,288
1197,206,151,288
1198,206,151,288
1199,207,151,288
1200,207,152,288
1201,208,152,288
1202,208,152,288
1203,208,152,288
1204,208,152,288
1205,208,153,288
1206,209,153,288
1207,209,153,288
1208,210,153,288
1209,210,153,288
1210,210,153,288
1211,210,153,288
1212,210,153,288
1213,211,153,288
1214,211,153,288
1215,211,153,288
1216,211,153,288
1217,211,153,288
1218,211,153,288
1219,211,153,288
1220,212,153,288
1221,212,153,288
1222,212,153,288
1223,212,153,288
1224,212,154,288
1225,213,154,288
1226,213,155,288
1227,213,155,288
1228,213,155,288
1229,213,155,288
1230,213,155,289
1231,213,155,290
1232,213,155,290
1233,213,155,291
1234,213,155,291
1235,213,155,291
1236,213,155,291
1237,213,155,291
1238,213,155,291
1239,213,155,291
1240,213,156,291
1241,213,156,291
1242,213,156,291
1243,213,156,291
1244,213,156,291
1245,213,156,291
1246,213,156,292
1247,213,156,293
1248,213,156,293
1249,213,156,294
1250,213,156,295
1251,213,156,295
1252,213,156,295
1253,213,156,295
1254,213,156,295
1255,213,156,295
1256,213,156,295
1257,214,156,295
1258,214,156,295
1259,214,156,295
1260,214,156,295
1261,213,156,296
1262,213,155,297
1263,213,156,297
1264,214,156,297
1265,214,156,297
1266,214,156,297
1267,214,156,297
1268,214,157,297
1269,214,157,297
1270,214,157,297
1271,214,157,297
1272,214,157,298
1273,214,157,299
1274,214,157,300
1275,214,157,301
1276,214,157,302
1277,214,157,302
1278,214,157,302
1279,214,157,302
1280,214,157,302
1281,214,157,302
1282,214,157,302
1283,214,157,302
1284,214,157,302
1285,214,157,302
1286,214,157,303
1287,214,157,304
1288,214,157,304
1289,214,157,304
1290,214,157,304
1291,215,157,304
1292,214,157,305
1293,215,157,305
1294,215,157,305
1295,215,157,305
1296,216,157,304
1297,216,158,304
1298,217,158,304
1299,217,159,304
1300,218,159,304
1301,218,159,304
1302,218,159,304
1303,218,160,303
1304,219,160,303
1305,219,161,302
1306,220,161,302
1307,220,162,302
1308,221,162,302
1309,221,162,302
1310,221,162,302
1311,222,162,301
1312,222,163,301
1313,223,163,301
1314,223,164,301
1315,224,164,301
1316,224,164,301
1317,224,164,301
1318,224,164,301
1319,223,164,302
1320,224,164,302
1321,224,165,302
1322,225,165,302
1323,225,165,302
1324,225,165,302
1325,225,165,302
1326,226,165,302
1327,226,166,302
1328,227,166,302
1329,227,167,302
1330,228,167,302
1331,228,167,302
1332,228,167,302
1333,228,167,302
1334,228,167,302
1335,228,167,303
1336,228,167,304
1337,228,167,304
1338,228,167,305
1339,228,167,305
1340,228,167,305
1341,228,167,305
1342,228,167,305
1343,228,167,305
1344,228,167,306
1345,228,167,307
1346,228,167,308
1347,228,167,308
1348,228,167,309
1349,228,167,309
1350,228,167,309
1351,228,167,309
1352,228,167,310
1353,228,167,311
1354,228,167,312
1355,228,167,313
1356,228,167,314
1357,228,167,315
1358,228,167,315
1359,228,167,315
1360,228,167,315
1361,228,168,315
1362,229,168,315
1363,229,168,315
1364,229,168,315
1365,229,169,314
1366,229,168,315
1367,229,169,315
1368,230,169,315
1369,230,170,315
1370,231,170,315
1371,231,170,315
1372,231,170,315
1373,231,170,315
1374,231,170,315
1375,231,170,315
1376,231,170,316
1377,231,170,317
1378,231,170,317
1379,231,170,317
1380,231,170,317
1381,231,170,317
1382,231,170,317
1383,231,170,317
1384,232,170,317
1385,232,171,317
1386,233,171,317
1387,233,171,317
1388,233,171,317
1389,233,171,317
1390,233,171,318
1391,233,171,318
1392,233,171,318
1393,233,171,319
1394,233,171,319
1395,233,171,320
1396,233,171,320
1397,232,172,320
1398,232,171,321
1399,231,171,322
1400,232,171,322
1401,232,172,322
1402,233,172,322
1403,233,172,322
1404,233,172,322
1405,233,172,322
1406,233,172,322
1407,233,172,322
1408,233,173,322
1409,234,173,322
1410,234,173,322
1411,234,173,322
1412,234,173,322
1413,234,173,322
1414,234,173,323
1415,234,173,324
1416,234,173,325
1417,234,173,326
1418,234,173,326
1419,234,173,326
1420,234,173,326
1421,234,173,326
1422,234,173,327
1423,234,173,327
1424,234,173,328
1425,234,173,329
1426,234,173,329
1427,234,173,329
1428,234,173,329
1429,234,173,329
1430,234,173,329
1431,234,173,329
1432,234,173,330
1433,234,173,331
1434,234,173,332
1435,234,173,333
1436,234,173,333
1437,234,173,333
1438,234,173,333
1439,234,172,334
1440,234,173,334
1441,235,173,334
1442,235,174,334
1443,236,174,334
1444,236,175,334
1445,237,175,334
1446,237,175,334
1447,237,175,334
1448,237,175,334
1449,237,175,334
1450,237,175,334
1451,237,175,335
1452,237,175,335
1453,237,175,336
1454,237,175,337
1455,237,175,337
1456,237,175,337
1457,238,175,336
1458,238,176,336
1459,239,176,336
1460,239,176,336
1461,240,176,336
1462,240,176,336
1463,240,176,336
1464,240,176,336
1465,240,176,336
1466,241,176,336
1467,241,177,336
1468,242,177,336
1469,242,177,336
1470,242,177,336
1471,242,177,336
1472,242,177,337
1473,242,177,338
1474,242,177,339
1475,242,177,340
1476,242,177,340
1477,242,177,340
1478,242,177,340
1479,242,177,340
1480,243,177,339
1481,243,178,339
1482,244,178,339
1483,244,179,339
1484,245,179,339
1485,245,179,339
1486,245,179,339
1487,245,179,339
1488,245,179,340
1489,245,179,341
1490,245,179,341
1491,245,179,341
1492,245,179,341
1493,245,179,342
1494,245,179,342
1495,245,179,342
1496,246,179,341
1497,246,180,341
1498,247,180,341
1499,247,181,341
1500,248,181,341
1501,248,181,341
1502,248,181,341
1503,248,181,341
1504,248,181,342
1505,248,181,342
1506,248,181,343
1507,248,181,344
1508,248,181,345
1509,248,181,345
1510,248,181,345
1511,248,181,345
1512,248,181,345
1513,248,182,345
1514,249,182,344
1515,249,183,343
1516,250,183,343
1517,250,184,343
1518,251,184,343
1519,251,184,343
1520,251,184,343
1521,252,184,343
1522,252,185,343
1523,253,185,343
1524,253,186,343
1525,254,186,343
1526,254,186,343
1527,254,186,343
1528,254,186,343
1529,254,186,344
1530,254,186,345
1531,254,186,346
1532,254,186,346
1533,254,186,347
1534,254,186,347
1535,254,186,347
1536,254,186,347
1537,254,186,347
1538,254,186,348
1539,254,186,348
1540,254,186,349
1541,254,186,350
1542,254,186,351
1543,254,186,352
1544,254,186,352
1545,254,186,352
1546,254,186,353
1547,254,186,353
1548,254,186,354
1549,254,186,355
1550,254,186,355
1551,254,186,355
1552,254,186,355
1553,254,186,355
1554,254,186,355
1555,254,186,355
1556,254,187,355
1557,255,187,355
1558,255,188,354
1559,256,188,354
1560,256,188,354
1561,257,188,354
1562,257,188,354
1563,257,188,354
1564,258,188,353
1565,258,188,353
1566,258,188,353
1567,258,188,353
1568,258,188,353
1569,258,188,353
1570,258,188,353
1571,258,188,353
1572,258,188,353
1573,258,188,353
1574,258,188,353
1575,258,188,353
1576,258,188,353
1577,258,188,353
1578,258,188,353
1579,258,189,352
1580,258,189,352
1581,258,190,352
1582,259,190,352
1583,259,190,352
1584,259,190,352
1585,259,190,352
1586,259,191,352
1587,260,191,352
1588,260,191,352
1589,260,191,352
1590,260,191,352
1591,260,192,352
1592,261,192,352
1593,261,192,352
1594,261,192,352
1595,261,192,352
1596,261,192,352
1597,261,192,352
1598,261,192,352
1599,261,192,352
1600,261,192,352
1601,262,192,352
1602,262,192,352
1603,262,192,352
1604,262,192,352
1605,262,192,352
1606,262,192,352
1607,262,192,352
1608,263,192,352
1609,263,192,352
1610,263,192,352
1611,263,192,352
1612,263,192,352
1613,263,192,352
1614,263,192,352
1615,263,192,353
1616,263,192,354
1617,263,192,354
1618,263,192,354
1619,263,192,354
1620,263,192,354
1621,263,192,354
1622,263,192,354
1623,263,193,354
1624,263,193,354
1625,263,193,354
1626,263,193,354
1627,263,193,354
1628,263,193,354
1629,264,193,354
1630,264,193,354
1631,264,193,354
1632,264,193,354
1633,264,193,354
1634,264,193,354
1635,264,193,354
1636,264,193,354
1637,264,193,354
1638,264,193,354
1639,264,193,354
1640,264,193,354
1641,264,193,354
1642,265,193,354
1643,265,194,354
1644,265,194,354
1645,265,195,354
1646,266,195,354
1647,266,195,354
1648,266,195,354
1649,267,195,353
1650,267,195,353
1651,268,195,353
1652,268,195,353
1653,268,195,353
1654,268,195,353
1655,268,195,353
1656,268,195,354
1657,268,195,354
1658,268,195,354
1659,268,195,354
1660,268,195,354
1661,268,195,354
1662,268,195,354
1663,268,196,353
1664,269,196,352
1665,269,197,352
1666,270,197,352
1667,270,197,352
1668,270,197,352
1669,270,197,352
1670,270,197,352
1671,270,197,352
1672,270,197,353
1673,270,197,353
1674,270,197,353
1675,270,197,353
1676,270,197,353
1677,270,197,353
1678,270,197,353
1679,270,197,353
1680,270,197,353
1681,270,197,353
1682,270,197,354
1683,270,197,354
1684,270,197,355
1685,270,197,355
1686,270,197,355
1687,270,197,355
1688,270,197,355
1689,270,197,356
1690,270,197,356
1691,270,197,357
1692,270,197,357
1693,270,197,357
1694,270,197,357
1695,270,197,357
1696,269,197,358
1697,269,197,358
1698,269,198,358
1699,270,198,358
1700,270,198,358
1701,270,198,358
1702,270,198,358
1703,270,198,358
1704,271,198,358
1705,271,199,358
1706,272,199,358
1707,272,199,358
1708,272,199,358
1709,272,199,358
1710,271,199,359
1711,272,199,359
1712,272,199,359
1713,272,199,359
1714,272,199,359
1715,272,200,359
1716,272,200,359
1717,272,201,359
1718,273,201,359
1719,273,201,359
1720,273,201,359
1721,273,201,360
1722,273,201,361
1723,273,201,361
1724,273,201,361
1725,273,201,361
1726,273,201,361
1727,273,201,361
1728,273,201,361
1729,273,201,361
1730,272,201,362
1731,273,201,361
1732,273,202,361
1733,274,202,361
1734,274,203,361
1735,275,203,361
1736,275,203,361
1737,275,203,361
1738,275,203,361
1739,275,203,361
1740,275,203,361
1741,275,203,361
1742,275,203,362
1743,275,203,363
1744,275,203,363
1745,275,203,363
1746,275,203,363
1747,275,203,363
1748,275,203,363
1749,275,203,363
1750,275,203,363
1751,275,203,363
1752,275,203,363
1753,275,203,363
1754,275,203,363
1755,275,203,363
1756,275,203,363
1757,275,204,363
1758,276,204,362
1759,276,205,362
1760,277,205,362
1761,277,205,362
1762,277,205,362
1763,277,206,361
1764,278,206,360
1765,278,207,360
1766,279,207,360
1767,279,208,360
1768,280,208,360
1769,280,208,360
1770,280,208,360
1771,280,208,360
1772,281,208,360
1773,281,209,360
1774,282,209,359
1775,282,210,358
1776,283,210,358
1777,283,210,358
1778,283,210,358
1779,284,210,357
1780,284,210,357
1781,285,210,357
1782,285,211,357
1783,286,211,357
1784,286,211,357
1785,286,211,357
1786,286,211,357
1787,286,211,357
1788,286,212,357
1789,286,211,358
1790,286,211,358
1791,287,211,358
1792,287,211,358
1793,287,211,358
1794,287,211,358
1795,287,211,358
1796,287,211,358
1797,287,211,358
1798,288,211,358
1799,288,211,358
1800,288,211,358
1801,288,211,358
1802,287,211,359
1803,288,211,359
1804,288,211,359
1805,289,211,359
1806,289,211,359
1807,289,211,359
1808,289,211,359
1809,289,212,359
1810,289,212,359
1811,289,212,359
1812,290,212,359
1813,290,212,359
1814,290,212,359
1815,291,212,358
1816,291,213,357
1817,292,213,357
1818,292,213,357
1819,293,213,357
1820,293,213,357
1821,293,213,357
1822,293,214,356
1823,294,214,356
1824,294,215,355
1825,294,214,356
1826,294,215,356
1827,295,215,356
1828,295,215,356
1829,295,215,356
1830,295,215,356
1831,296,215,356
1832,296,216,355
1833,296,216,355
1834,296,217,355
1835,297,217,355
1836,297,217,355
1837,297,217,355
1838,297,217,355
1839,297,217,355
1840,297,217,356
1841,297,217,357
1842,297,217,358
1843,297,217,359
1844,297,217,359
1845,297,217,359
1846,297,217,359
1847,297,217,359
1848,297,217,359
1849,297,217,359
1850,297,217,360
1851,297,217,361
1852,297,217,362
1853,297,217,363
1854,297,217,363
1855,297,217,363
1856,297,217,363
1857,297,217,363
1858,297,217,364
1859,297,217,365
1860,297,217,366
1861,297,217,367
1862,297,217,367
1863,297,217,367
1864,297,217,367
1865,296,217,368
1866,297,217,368
1867,297,218,368
1868,298,218,368
1869,298,219,368
1870,298,219,368
1871,298,219,368
1872,298,219,368
1873,298,220,367
1874,299,220,366
1875,299,221,366
1876,300,221,365
1877,300,222,365
1878,301,222,365
1879,301,222,365
1880,301,222,365
1881,301,223,364
1882,302,223,363
1883,302,224,363
1884,303,224,363
1885,303,224,363
1886,303,224,363
1887,303,224,363
1888,303,224,363
1889,303,224,363
1890,303,224,363
1891,303,224,364
1892,303,224,364
1893,303,224,364
1894,303,224,364
1895,303,224,364
1896,303,224,364
1897,303,224,365
1898,303,224,365
1899,303,224,366
1900,303,224,366
1901,303,224,366
1902,303,224,366
1903,303,224,366
1904,303,224,366
1905,303,224,366
1906,303,225,366
1907,304,225,366
1908,304,226,366
1909,305,226,366
1910,305,226,366
1911,305,226,366
1912,305,226,366
1913,305,226,366
1914,306,226,366
1915,306,226,366
1916,307,226,366
1917,307,226,366
1918,307,226,366
1919,307,226,366
1920,307,227,366
1921,308,227,366
1922,308,228,366
1923,309,228,366
1924,309,228,366
1925,309,228,366
1926,309,228,366
1927,309,228,366
1928,309,228,367
1929,309,228,367
1930,309,228,368
1931,309,228,369
1932,309,228,369
1933,309,228,369
1934,309,228,369
1935,309,228,369
1936,309,228,370
1937,309,228,371
1938,309,228,371
1939,309,228,372
1940,309,228,373
1941,309,228,374
1942,309,228,374
1943,309,228,374
1944,309,228,374
1945,309,228,374
1946,309,228,374
1947,309,228,374
1948,309,228,375
1949,309,228,375
1950,309,228,375
1951,309,228,375
1952,309,228,375
1953,309,228,375
1954,309,228,375
1955,309,228,375
1956,310,228,375
1957,310,228,375
1958,310,228,375
1959,310,228,375
1960,310,228,375
1961,310,228,375
1962,310,228,375
1963,311,228,375
1964,311,228,375
1965,311,228,375
1966,311,228,375
1967,311,229,375
1968,311,229,375
1969,311,230,375
1970,312,230,375
1971,312,230,375
1972,312,230,375
1973,312,230,375
1974,312,230,375
1975,312,230,375
1976,312,230,375
1977,312,230,375
1978,312,230,375
1979,312,230,375
1980,312,230,375
1981,312,230,375
1982,312,230,375
1983,312,230,375
1984,312,230,375
1985,312,230,375
1986,312,230,376
1987,312,230,377
1988,312,230,377
1989,312,230,377
1990,312,230,377
1991,312,230,377
1992,312,230,377
1993,312,230,377
1994,312,230,377
1995,313,230,377
1996,313,230,377
1997,313,230,377
1998,313,231,376
1999,314,231,376
2000,314,232,376
2001,315,232,376
2002,315,232,376
2003,315,232,376
2004,315,232,376
2005,315,232,376
2006,316,232,376
2007,316,232,376
2008,317,232,376
2009,317,232,376
2010,317,232,376
2011,318,232,375
2012,318,233,374
2013,319,233,373
2014,319,234,372
2015,320,234,372
2016,320,234,372
2017,320,234,372
2018,320,234,372
2019,321,234,372
2020,321,235,372
2021,322,235,372
2022,322,236,372
2023,323,236,372
2024,323,236,372
2025,323,236,372
2026,323,236,372
2027,323,237,372
2028,323,236,373
2029,323,237,373
2030,324,237,373
2031,324,237,373
2032,324,237,373
2033,324,237,373
2034,324,237,373
2035,324,237,373
2036,324,237,373
2037,324,237,374
2038,324,237,374
2039,324,237,374
2040,324,237,374
2041,324,237,374
2042,324,237,374
2043,325,237,374
2044,324,237,375
2045,324,237,375
2046,324,238,375
2047,325,238,375
2048,325,238,375
2049,325,238,375
2050,325,238,375
2051,325,238,375
2052,325,238,375
2053,325,238,375
2054,325,238,375
2055,325,238,375
2056,325,238,375
2057,325,238,375
2058,325,238,375
2059,325,238,375
2060,325,238,375
2061,325,238,375
2062,325,238,376
2063,325,238,376
2064,325,238,377
2065,325,238,377
2066,325,238,377
2067,325,238,377
2068,325,238,377
2069,325,238,377
2070,326,238,377
2071,326,239,377
2072,327,239,377
2073,327,239,377
2074,327,239,377
2075,327,239,377
2076,327,239,377
2077,328,239,377
2078,328,239,377
2079,328,239,377
2080,328,239,377
2081,328,239,377
2082,328,239,377
2083,329,239,377
2084,329,239,377
2085,330,239,377
2086,330,239,377
2087,330,239,377
2088,330,239,377
2089,330,239,378
2090,330,239,378
2091,330,239,379
2092,330,239,379
2093,330,239,379
2094,330,239,379
2095,330,239,379
2096,330,239,379
2097,330,239,379
2098,331,239,378
2099,331,240,378
2100,332,240,378
2101,332,241,378
2102,333,241,378
2103,333,241,378
2104,333,241,378
2105,332,241,379
2106,333,241,379
2107,333,241,379
2108,334,241,378
2109,334,242,378
2110,335,242,378
2111,335,242,378
2112,335,242,378
2113,335,242,378
2114,335,242,378
2115,335,242,379
2116,335,242,379
2117,335,242,379
2118,335,242,380
2119,335,242,380
2120,335,242,380
2121,335,242,380
2122,335,242,380
2123,334,242,381
2124,334,242,381
2125,334,243,381
2126,335,243,381
2127,335,243,381
2128,335,243,381
2129,335,243,381
2130,335,243,381
2131,335,243,381
2132,335,244,381
2133,336,244,381
2134,336,244,381
2135,336,244,381
2136,336,244,381
2137,337,244,381
2138,337,245,381
2139,338,245,381
2140,338,246,381
2141,339,246,381
2142,339,246,381
2143,339,246,381
2144,339,246,381
2145,339,247,380
2146,340,247,380
2147,340,247,380
2148,340,247,380
2149,340,248,379
2150,340,248,379
2151,340,249,379
2152,341,249,379
2153,341,249,379
2154,341,249,379
2155,341,249,379
2156,341,250,378
2157,342,250,378
2158,342,250,378
2159,343,250,378
2160,343,251,378
2161,344,251,378
2162,344,251,378
2163,344,251,378
2164,345,251,377
2165,345,252,376
2166,345,252,376
2167,345,253,376
2168,346,253,376
2169,346,253,376
2170,346,253,376
2171,346,253,376
2172,346,253,376
2173,347,253,376
2174,347,254,376
2175,348,254,376
2176,348,254,376
2177,348,254,376
2178,348,254,376
2179,348,253,377
2180,348,254,377
2181,349,254,377
2182,349,254,377
2183,349,254,377
2184,349,254,377
2185,349,254,377
2186,349,254,378
2187,349,254,379
2188,349,254,379
2189,349,254,380
2190,349,254,380
2191,349,254,380
2192,349,254,380
2193,349,254,380
2194,349,254,380
2195,350,254,379
2196,350,255,378
2197,351,255,378
2198,351,255,378
2199,351,255,378
2200,351,255,378
2201,351,255,378
2202,351,255,378
2203,351,255,378
2204,351,255,378
2205,351,255,379
2206,351,255,379
2207,351,255,379
2208,351,255,379
2209,351,255,379
2210,351,255,379
2211,351,255,380
2212,351,255,381
2213,351,255,382
2214,351,255,383
2215,351,255,384
2216,351,255,384
2217,351,255,384
2218,351,255,384
2219,351,256,383
2220,352,256,383
2221,352,257,383
2222,353,257,383
2223,353,257,383
2224,353,257,383
2225,353,257,383
2226,353,257,383
2227,353,257,383
2228,353,257,384
2229,353,257,384
2230,353,257,385
2231,353,257,386
2232,353,257,386
2233,353,257,386
2234,353,257,386
2235,353,257,386
2236,353,257,386
2237,353,257,386
2238,353,257,386
2239,353,257,387
2240,353,257,387
2241,353,257,387
2242,353,257,387
2243,353,257,387
2244,353,257,387
2245,353,257,387
2246,353,257,387
2247,353,257,388
2248,353,257,389
2249,353,257,389
2250,353,257,389
2251,353,257,389
2252,353,257,389
2253,353,258,389
2254,353,258,389
2255,353,258,389
2256,354,257,389
2257,353,257,390
2258,353,257,390
2259,353,257,390
2260,353,257,390
2261,353,257,390
2262,353,256,391
2263,352,256,392
2264,352,255,393
2265,351,255,394
2266,352,255,393
2267,352,255,393
2268,352,255,393
2269,352,255,393
2270,352,255,393
2271,352,255,393
2272,353,254,393
2273,352,255,393
2274,352,255,393
2275,352,255,393
2276,352,254,394
2277,352,254,394
2278,352,254,394
2279,352,254,394
2280,351,254,395
2281,351,253,396
2282,350,253,397
2283,350,253,397
2284,349,253,398
2285,350,253,397
2286,350,253,397
2287,350,252,398
2288,349,252,399
2289,350,251,399
2290,349,252,399
2291,350,251,399
2292,350,251,399
2293,350,251,399
2294,350,251,399
2295,350,251,399
2296,350,250,400
2297,350,249,401
2298,350,249,401
2299,350,249,401
2300,350,249,401
2301,350,249,401
2302,350,249,401
2303,350,249,401
2304,349,249,402
2305,349,249,402
2306,349,249,402
2307,349,249,402
2308,349,249,402
2309,349,249,402
2310,349,249,402
2311,349,249,402
2312,349,249,402
2313,349,249,402
2314,349,249,402
2315,349,249,402
2316,349,249,402
2317,349,249,402
2318,349,249,402
2319,349,250,401
2320,349,250,401
2321,349,250,401
2322,349,250,401
2323,349,251,400
2324,349,251,400
2325,349,251,400
2326,350,250,400
2327,350,250,400
2328,350,250,400
2329,350,250,400
2330,350,250,400
2331,349,250,401
2332,349,250,401
2333,348,250,402
2334,348,249,403
2335,348,249,403
2336,349,248,403
2337,348,249,403
2338,348,249,403
2339,348,249,403
2340,348,249,403
2341,348,249,403
2342,348,249,403
2343,348,249,403
2344,348,249,403
2345,348,249,403
2346,347,250,403
2347,347,250,403
2348,347,250,403
2349,347,250,403
2350,347,250,403
2351,347,250,403
2352,347,250,403
2353,347,250,403
2354,347,250,403
2355,347,250,403
2356,347,250,403
2357,347,250,403
2358,347,250,403
2359,347,250,403
2360,347,250,403
2361,348,249,403
2362,347,250,403
2363,347,250,403
2364,347,250,403
2365,347,250,403
2366,347,250,403
2367,347,250,403
2368,347,250,403
2369,347,250,403
2370,347,250,403
2371,347,250,403
2372,347,250,403
2373,347,250,403
2374,347,250,403
2375,347,250,403
2376,347,250,403
2377,347,250,403
2378,348,250,402
2379,348,250,402
2380,348,250,402
2381,348,250,402
2382,348,250,402
2383,348,250,402
2384,348,250,402
2385,348,250,402
2386,348,250,402
2387,348,250,402
2388,348,250,402
2389,348,250,402
2390,349,250,401
2391,349,251,400
2392,349,251,400
2393,349,251,400
2394,349,251,400
2395,349,251,400
2396,349,252,399
2397,349,252,399
2398,349,252,399
2399,350,252,398
2400,349,253,398
2401,350,252,398
2402,350,252,398
2403,350,252,398
2404,350,252,398
2405,349,253,398
2406,350,252,398
2407,350,252,398
2408,350,252,398
2409,350,252,398
2410,350,252,398
2411,350,252,398
2412,350,252,398
2413,350,252,398
2414,351,251,398
2415,351,251,398
2416,351,251,398
2417,352,251,397
2418,351,252,397
2419,352,251,397
2420,352,251,397
2421,352,251,397
2422,352,251,397
2423,352,251,397
2424,352,250,398
2425,352,251,397
2426,353,250,397
2427,353,250,397
2428,353,250,397
2429,353,250,397
2430,353,250,397
2431,352,250,398
2432,352,250,398
2433,352,249,399
2434,352,249,399
2435,352,249,399
2436,352,249,399
2437,352,249,399
2438,352,249,399
2439,352,249,399
2440,352,249,399
2441,352,249,399
2442,352,249,399
2443,352,248,400
2444,352,248,400
2445,352,248,400
2446,352,248,400
2447,353,248,399
2448,353,249,398
2449,354,249,397
2450,354,250,396
2451,354,250,396
2452,354,250,396
2453,354,250,396
2454,354,250,396
2455,354,250,396
2456,354,250,396
2457,354,250,396
2458,354,250,396
2459,354,250,396
2460,354,250,396
2461,354,250,396
2462,354,250,396
2463,355,250,395
2464,355,250,395
2465,355,250,395
2466,355,250,395
2467,355,250,395
2468,355,250,395
2469,355,250,395
2470,355,250,395
2471,355,250,395
2472,355,250,395
2473,355,250,395
2474,355,250,395
2475,355,250,395
2476,355,249,396
2477,355,249,396
2478,355,249,396
2479,355,249,396
2480,355,249,396
2481,355,249,396
2482,355,249,396
2483,355,249,396
2484,355,249,396
2485,355,249,396
2486,355,249,396
2487,355,249,396
2488,355,249,396
2489,355,249,396
2490,355,249,396
2491,355,249,396
2492,355,249,396
2493,354,249,397
2494,354,249,397
2495,354,249,397
2496,354,249,397
2497,354,249,397
2498,354,249,397
2499,354,249,397
2500,354,249,397
2501,354,249,397
2502,354,249,397
2503,354,249,397
2504,354,249,397
2505,354,249,397
2506,354,249,397
2507,354,249,397
2508,354,249,397
2509,354,249,397
2510,354,249,397
2511,354,249,397
2512,354,249,397
2513,354,249,397
2514,354,250,396
2515,355,249,396
2516,354,250,396
2517,355,249,396
2518,355,249,396
2519,355,249,396
2520,355,249,396
2521,354,249,397
2522,355,249,396
2523,355,250,395
2524,356,250,394
2525,356,251,393
2526,356,251,393
2527,356,251,393
2528,356,251,393
2529,356,251,393
2530,356,251,393
2531,356,251,393
2532,356,250,394
2533,356,250,394
2534,356,250,394
2535,355,250,395
2536,355,250,395
2537,355,250,395
2538,355,250,395
2539,355,250,395
2540,355,249,396
2541,355,249,396
2542,355,249,396
2543,355,249,396
2544,354,249,397
2545,354,249,397
2546,353,249,398
2547,353,248,399
2548,353,248,399
2549,353,248,399
2550,353,248,399
2551,353,248,399
2552,352,248,400
2553,352,248,400
2554,352,248,400
2555,352,248,400
2556,352,248,400
2557,352,248,400
2558,352,248,400
2559,352,247,401
2560,352,247,401
2561,352,247,401
2562,352,247,401
2563,352,247,401
2564,352,247,401
2565,352,247,401
2566,351,247,402
2567,351,247,402
2568,351,247,402
2569,351,246,403
2570,351,246,403
2571,351,246,403
2572,351,246,403
2573,351,246,403
2574,351,246,403
2575,351,246,403
2576,351,246,403
2577,351,246,403
2578,351,246,403
2579,350,246,404
2580,350,246,404
2581,350,246,404
2582,350,246,404
2583,350,246,404
2584,350,246,404
2585,350,246,404
2586,350,245,405
2587,350,245,405
2588,350,245,405
2589,350,245,405
2590,350,245,405
2591,350,246,404
2592,350,246,404
2593,350,246,404
2594,350,246,404
2595,350,246,404
2596,351,246,403
2597,351,246,403
2598,351,246,403
2599,351,246,403
2600,351,246,403
2601,351,246,403
2602,351,246,403
2603,351,246,403
2604,350,246,404
2605,349,246,405
2606,349,246,405
2607,349,246,405
2608,349,246,405
2609,349,246,405
2610,349,246,405
2611,349,245,406
2612,349,245,406
2613,349,245,406
2614,349,245,406
2615,349,245,406
2616,349,245,406
2617,349,245,406
2618,349,244,407
2619,349,245,406
2620,350,245,405
2621,350,245,405
2622,350,245,405
2623,350,245,405
2624,350,246,404
2625,351,245,404
2626,351,245,404
2627,351,245,404
2628,351,245,404
2629,351,246,403
2630,352,245,403
2631,351,246,403
2632,352,245,403
2633,352,245,403
2634,352,245,403
2635,352,245,403
2636,352,245,403
2637,352,245,403
2638,352,245,403
2639,352,245,403
2640,352,245,403
2641,352,245,403
2642,352,245,403
2643,352,245,403
2644,352,246,402
2645,353,246,401
2646,352,246,402
2647,352,246,402
2648,352,246,402
2649,352,246,402
2650,352,246,402
2651,352,246,402
2652,352,246,402
2653,352,246,402
2654,352,246,402
2655,352,246,402
2656,352,246,402
2657,352,246,402
2658,352,246,402
2659,351,247,402
2660,352,246,402
2661,352,246,402
2662,352,246,402
2663,352,246,402
2664,352,246,402
2665,353,245,402
2666,352,246,402
2667,352,246,402
2668,352,246,402
2669,352,246,402
2670,352,246,402
2671,352,246,402
2672,353,245,402
2673,352,246,402
2674,353,245,402
2675,353,245,402
2676,353,245,402
2677,353,245,402
2678,352,245,403
2679,352,245,403
2680,352,245,403
2681,353,245,402
2682,353,245,402
2683,353,245,402
2684,353,245,402
2685,353,245,402
2686,353,244,403
2687,353,244,403
2688,353,244,403
2689,353,244,403
2690,353,244,403
2691,353,244,403
2692,353,244,403
2693,353,244,403
2694,353,244,403
2695,353,244,403
2696,353,244,403
2697,353,244,403
2698,353,244,403
2699,353,244,403
2700,353,244,403
2701,353,244,403
2702,353,244,403
2703,353,244,403
2704,353,244,403
2705,353,244,403
2706,353,244,403
2707,353,244,403
2708,353,244,403
2709,353,244,403
2710,353,244,403
2711,353,244,403
2712,353,244,403
2713,353,244,403
2714,353,244,403
2715,353,243,404
2716,353,243,404
2717,353,243,404
2718,353,243,404
2719,353,243,404
2720,352,243,405
2721,352,242,406
2722,352,242,406
2723,352,242,406
2724,352,243,405
2725,352,243,405
